customerid,customername,country
17317,Janice Nolan,United Kingdom
14287,Jessie Alford,United Kingdom
15114,Morales Lowe,United Kingdom
13527,Manuela Tyler,United Kingdom
13883,Ferguson Chaney,United Kingdom
12524,Sandoval Anthony,Germany
14606,Cassie Wade,United Kingdom
17051,Wendy Miranda,United Kingdom
14816,Magdalena Hancock,United Kingdom
13136,Gregory Oneil,United Kingdom
17800,Nikki Horton,United Kingdom
15062,Greene Trujillo,United Kingdom
16792,Audrey Cherry,United Kingdom
16998,Foreman Walton,United Kingdom
12686,Bradshaw Walters,France
13536,Robbie Pratt,United Kingdom
13925,Pate Avery,United Kingdom
13941,Pratt Calhoun,United Kingdom
15664,Penelope Shepard,United Kingdom
17090,Gwendolyn Mitchell,United Kingdom
14258,Hannah Stephenson,United Kingdom
15938,May Snow,United Kingdom
17659,Valenzuela Taylor,United Kingdom
17017,Bird Blake,United Kingdom
15953,Nolan Stout,United Kingdom
13610,Carla Moon,United Kingdom
18074,Leann Woods,United Kingdom
16910,Deanne Mcmahon,United Kingdom
16412,Francesca Hansen,United Kingdom
14280,Ines Deleon,United Kingdom
14032,Lolita Ratliff,United Kingdom
14705,Adams Hurst,United Kingdom
16265,Marissa Valenzuela,United Kingdom
13062,Estrada Morton,United Kingdom
18149,Michael Ware,United Kingdom
12924,Monroe Hebert,United Kingdom
16814,Jeanie Cotton,United Kingdom
15955,Lenore Moses,United Kingdom
16912,Sheena Marshall,United Kingdom
17949,Russo Dawson,United Kingdom
12744,Donaldson Hicks,Singapore
15610,Sweet Mitchell,United Kingdom
14019,Spears Freeman,United Kingdom
14470,Stanley Todd,United Kingdom
15752,Wilkins Odonnell,United Kingdom
12472,Daisy Castaneda,Germany
16873,Eloise Solomon,United Kingdom
16926,Leann Dennis,United Kingdom
15067,Misty Aguirre,United Kingdom
17925,Viola Clayton,United Kingdom
18056,Parker Foley,United Kingdom
14428,Sophie Wolfe,United Kingdom
14898,Irma Deleon,United Kingdom
17702,Tricia Robertson,United Kingdom
12731,Chen Mcmahon,France
12464,Jessie Workman,Belgium
18210,Mavis Wolfe,United Kingdom
13435,Tracie Ayers,United Kingdom
15801,Winnie Arnold,United Kingdom
13176,Ferrell Branch,United Kingdom
15570,Willis Bernard,United Kingdom
16293,Hahn Conner,United Kingdom
14572,Jamie Willis,United Kingdom
13505,Joyce Jacobs,Switzerland
16846,Carmen Hill,United Kingdom
17685,Cummings Holland,United Kingdom
12873,Mckee Donaldson,United Kingdom
17287,Maura Edwards,United Kingdom
12546,Cheri Whitfield,Spain
17004,Patsy Atkins,United Kingdom
14214,Andrea Shaw,United Kingdom
16515,Pugh Blankenship,United Kingdom
16019,Fleming Brennan,United Kingdom
17867,Miranda Talley,United Kingdom
16510,Schmidt Burch,United Kingdom
16427,Burt Robinson,United Kingdom
12662,Lane Rowe,Germany
17186,Jaime Good,United Kingdom
13991,Bailey Forbes,United Kingdom
15827,Pennington Mitchell,United Kingdom
14573,Chapman Booker,United Kingdom
14180,Riggs Griffith,United Kingdom
15257,Eunice Trujillo,United Kingdom
13362,Margo Pruitt,United Kingdom
17646,Jami Everett,United Kingdom
17720,Melisa Silva,United Kingdom
14696,Jamie Moody,United Kingdom
16915,Kelsey Richard,United Kingdom
16411,Brown Kidd,United Kingdom
13750,Hayes Ellis,United Kingdom
15498,Hester Mendez,United Kingdom
14859,Richmond Horton,United Kingdom
16746,Peck Strong,United Kingdom
18011,Angie Warren,United Kingdom
14597,Vickie Moss,United Kingdom
14013,Powers Robbins,United Kingdom
16303,Wiggins Dodson,United Kingdom
13491,Castro Mills,United Kingdom
15393,Marci Bishop,United Kingdom
13108,Flores Rhodes,United Kingdom
12868,Herrera Berger,United Kingdom
18075,Pennington Marshall,United Kingdom
14532,Delacruz Newman,United Kingdom
15221,Nunez Mccall,United Kingdom
13576,Roman Vance,United Kingdom
16550,Burgess Holloway,United Kingdom
15172,Donna Logan,United Kingdom
16161,Pamela Hyde,United Kingdom
15624,Blanca Vaughn,United Kingdom
14755,Mueller Burt,United Kingdom
18198,Angelina Richards,United Kingdom
17164,Tabitha Buckley,United Kingdom
18228,Suarez Cash,United Kingdom
14081,Lambert Vega,United Kingdom
12633,Powers Mueller,Germany
17873,June Miranda,United Kingdom
18241,Nannie Mccray,United Kingdom
14937,Church Shannon,Channel Islands
14038,Powell Knowles,United Kingdom
13429,Barton Torres,United Kingdom
12656,Sherry Palmer,France
15572,Imogene England,United Kingdom
15694,Jones Downs,United Kingdom
17809,Verna Haney,United Kingdom
18229,Peters Ray,United Kingdom
12523,Mcdonald Miles,France
12963,Lorna Bush,United Kingdom
17730,Laurel Tucker,United Kingdom
15769,Mayra Ortega,United Kingdom
15754,Reba Mcdonald,United Kingdom
13792,Myers Cook,United Kingdom
15974,Osborne Rutledge,United Kingdom
16768,Jordan Foreman,United Kingdom
13102,Luz Lopez,United Kingdom
16624,Beryl Chambers,United Kingdom
17169,Marcie Montoya,United Kingdom
16726,Craft Hobbs,United Kingdom
13116,Bertie Maldonado,United Kingdom
17828,Hensley Barker,Malta
12791,Kristie Sweet,Netherlands
13448,Moses Harrison,United Kingdom
13777,Bobbi Le,United Kingdom
14495,Boyle Robertson,United Kingdom
12509,Alston Stout,France
17958,Jodie Henson,United Kingdom
17354,Riggs Frazier,United Kingdom
14139,Elisabeth Blair,United Kingdom
13001,Page Floyd,United Kingdom
16027,Briana James,United Kingdom
13165,Diaz Conway,United Kingdom
12942,Manning Nieves,United Kingdom
16836,Wise Fitzpatrick,United Kingdom
15590,Guadalupe Hodges,United Kingdom
13668,Glenn Mcleod,United Kingdom
15656,Mcguire Franco,United Kingdom
15270,Roseann Stark,United Kingdom
16150,Hester Boyle,United Kingdom
17201,Reynolds Hill,United Kingdom
16341,Fleming Castillo,United Kingdom
14112,Alice Copeland,United Kingdom
17613,Soto Mcdowell,United Kingdom
12685,Josefina Griffin,France
12763,Marion Ortega,Japan
15061,Trina Moore,United Kingdom
12678,Richard Henderson,France
17621,Beryl Cross,United Kingdom
17789,Jeri Raymond,United Kingdom
14712,Rosales Chaney,United Kingdom
17117,Shields Pena,United Kingdom
13835,Mamie Horn,United Kingdom
12681,Richmond Calhoun,France
16177,Miller Perry,United Kingdom
15796,Nadine Gilmore,United Kingdom
13479,Gail Andrews,United Kingdom
14321,Marisol Bradley,United Kingdom
13242,Kaufman Stevenson,United Kingdom
16015,Mcknight Mcmahon,United Kingdom
17238,Combs Johnson,United Kingdom
12755,Marie Pollard,Japan
14395,Hartman Harrell,United Kingdom
13458,Lynn Logan,United Kingdom
14040,Jan Hawkins,United Kingdom
14415,Gertrude Mcintyre,United Kingdom
17454,Sanders Valenzuela,United Kingdom
15218,Tia Farley,United Kingdom
16583,Walsh Santiago,United Kingdom
16311,Johns Jackson,United Kingdom
13157,Misty Lane,United Kingdom
13317,Susanne Hodges,United Kingdom
13669,Douglas Hodges,United Kingdom
14236,Annette Hendricks,United Kingdom
15971,Delia Mcclain,United Kingdom
16434,Catalina Bridges,United Kingdom
14092,Clarice Finley,United Kingdom
14498,Miles Barrera,United Kingdom
17416,Curry Reeves,United Kingdom
16931,Randall Houston,United Kingdom
12823,Allyson White,United Kingdom
15106,Rosella Mitchell,United Kingdom
15000,Rutledge Fleming,United Kingdom
14262,Forbes Bridges,United Kingdom
15502,Katherine Noel,United Kingdom
14004,Wilda Woodard,United Kingdom
18081,Michael Mcleod,United Kingdom
18168,King Heath,United Kingdom
17029,Iva Rocha,United Kingdom
13394,Saundra Curry,United Kingdom
16940,Sullivan Rodgers,United Kingdom
15628,Mae Hines,United Kingdom
15402,Lavonne Barrera,United Kingdom
16573,Deann Marks,United Kingdom
17908,Madelyn Hurst,United Kingdom
14910,Hernandez Middleton,United Kingdom
12688,Lynn Buckley,Israel
13230,Good Barker,United Kingdom
15128,Jacklyn Lawrence,United Kingdom
14522,Moss English,United Kingdom
15675,Walton Gentry,United Kingdom
13923,Emily Webster,United Kingdom
16034,Valeria Henry,United Kingdom
15165,Goff Buckner,United Kingdom
16272,Shawna Haley,United Kingdom
13263,Essie Joseph,United Kingdom
15676,Elvira Snider,United Kingdom
15376,Petty Delaney,United Kingdom
16851,Ophelia Santiago,United Kingdom
14936,Eve Pennington,Channel Islands
15033,Williams Mcbride,United Kingdom
15124,Helena Guy,United Kingdom
16672,Kim Ferrell,United Kingdom
13958,Acevedo Golden,United Kingdom
15678,Colon Anderson,United Kingdom
16091,Sharpe Jordan,United Kingdom
16369,Mclean Young,United Kingdom
13069,Zimmerman Calderon,United Kingdom
15053,Flores Murray,United Kingdom
15856,Moss Ruiz,United Kingdom
14500,Randolph Finch,United Kingdom
12749,Ladonna Potter,United Kingdom
16325,Matthews Mooney,United Kingdom
15750,Mccoy Lott,United Kingdom
14282,Dena Jenkins,United Kingdom
12654,Dale Rivers,Germany
17244,Maricela Flynn,United Kingdom
12670,Andrews Witt,France
12599,Osborne Lang,France
15023,Rogers Beasley,United Kingdom
17101,Puckett Carr,United Kingdom
15681,Claudine Ferguson,United Kingdom
16017,Grant Hobbs,United Kingdom
14819,Fulton Graves,United Kingdom
13345,Riddle Cantrell,United Kingdom
14390,Cecilia Mckenzie,United Kingdom
12598,Addie Graves,France
16955,Solomon Delaney,United Kingdom
14481,Julianne Hobbs,United Kingdom
16961,Joanna Mullen,United Kingdom
16323,Zamora Frank,United Kingdom
14576,Edwina Dejesus,United Kingdom
15646,Reeves Hudson,United Kingdom
13758,Christian Campos,United Kingdom
13742,Morton Estrada,United Kingdom
16767,Witt Nieves,United Kingdom
12403,Miller Johns,Denmark
17345,Patterson Albert,United Kingdom
12621,Lily Rogers,Germany
15350,Williamson Day,United Kingdom
15132,Snow Mcintyre,United Kingdom
17576,Jerry Morrison,United Kingdom
14388,Diaz Mcgee,United Kingdom
17988,Bond Butler,United Kingdom
16463,Celina Crosby,United Kingdom
14064,Guadalupe Stephens,United Kingdom
13370,Cash Fischer,United Kingdom
17865,Dale Rocha,United Kingdom
12876,Gould Mckinney,Belgium
13598,Tammy Wall,United Kingdom
17655,Jimmie Hines,United Kingdom
15129,Olsen Macdonald,United Kingdom
17086,Annie Harper,United Kingdom
13255,Lelia Garrett,United Kingdom
16686,Johnnie Shaw,United Kingdom
17434,Tucker Alvarado,United Kingdom
14735,Dominguez Jackson,United Kingdom
16057,Cecilia Walls,United Kingdom
18055,Lisa Melton,United Kingdom
13842,Nicholson Harper,United Kingdom
17723,Brigitte Ratliff,United Kingdom
12790,Walls Rosales,Netherlands
17402,Ila Dorsey,United Kingdom
15163,Glenda Sykes,United Kingdom
17581,Clements Gates,United Kingdom
17690,Foley Whitfield,United Kingdom
14243,Celia Hendricks,United Kingdom
12783,Coleman Winters,Portugal
16159,Michael Lowery,United Kingdom
15301,Michele Rios,United Kingdom
12642,Mccoy Estrada,Germany
16889,Lester Simon,United Kingdom
17857,Logan Gilliam,United Kingdom
15511,Estelle Walker,United Kingdom
15468,Erin Velasquez,United Kingdom
16700,Noble Ross,United Kingdom
14656,Hatfield Fitzgerald,United Kingdom
18239,Carmela Golden,United Kingdom
17547,Castillo Jackson,United Kingdom
16458,Rush Glass,United Kingdom
17637,Evelyn Stevenson,United Kingdom
17386,Ofelia Casey,United Kingdom
15189,Phoebe Nieves,United Kingdom
12619,Carey Barron,Germany
15565,Sherry Mcintosh,United Kingdom
12540,Olson Potts,Spain
14049,Elma Camacho,United Kingdom
15640,Waller Townsend,United Kingdom
12562,Letha Compton,France
13599,Annmarie Crawford,United Kingdom
15299,Kara Cook,United Kingdom
15786,Cabrera Nixon,United Kingdom
17340,Sampson Wallace,United Kingdom
13849,Mcclain Stewart,United Kingdom
17964,Carlson Cleveland,United Kingdom
16156,Bray House,United Kingdom
15292,Webster Alston,United Kingdom
15121,Daniel Sosa,United Kingdom
17315,Annabelle Terry,United Kingdom
15373,Tiffany Donaldson,United Kingdom
18204,Queen Zamora,United Kingdom
14738,Willa Cruz,United Kingdom
14676,Berta Ford,United Kingdom
15724,Stone Mccall,United Kingdom
12779,Jill Bradley,Poland
13381,Mcfadden Roach,United Kingdom
14810,Kimberly Mosley,United Kingdom
17131,Katherine Larson,United Kingdom
17770,Alexis Nichols,United Kingdom
12971,Erickson Reed,United Kingdom
17191,Harvey Holman,United Kingdom
13350,Duffy Nolan,United Kingdom
13523,Rae Black,United Kingdom
16419,Latasha Taylor,United Kingdom
13339,Farmer Rodriguez,United Kingdom
15315,Key Clements,United Kingdom
15107,Cabrera Glover,United Kingdom
18102,Carly Skinner,United Kingdom
14211,Guzman Montgomery,United Kingdom
15584,Helena Quinn,United Kingdom
15240,Stephanie Holder,United Kingdom
12395,Daugherty Peterson,Belgium
13571,Esmeralda Prince,United Kingdom
17603,Kristin Daniels,United Kingdom
17856,Rutledge Callahan,United Kingdom
15058,Wolf Sparks,United Kingdom
14161,Guzman Richmond,United Kingdom
15327,Bettye Richmond,United Kingdom
14191,Clayton Hensley,United Kingdom
12471,Sherri Moody,Germany
13305,Flossie Sheppard,United Kingdom
16742,Staci Casey,United Kingdom
14323,Swanson Munoz,United Kingdom
14491,Nelson Washington,United Kingdom
14006,Candy Brewer,United Kingdom
12759,Dickerson Gillespie,Netherlands
12817,Walls Hammond,Austria
17361,Mills Mays,United Kingdom
17388,Jan Malone,United Kingdom
14297,Melba Woodard,United Kingdom
14541,Renee Beck,United Kingdom
15847,Lilly Cantu,United Kingdom
12417,Vicky Wagner,Belgium
12522,Stafford Hull,Germany
18179,Priscilla Salas,United Kingdom
16401,Baxter Ashley,United Kingdom
18065,Coleen Hyde,United Kingdom
12475,Krystal Hickman,Germany
13410,Latasha Beck,United Kingdom
13213,Todd Cox,United Kingdom
16284,Vicki Blackwell,United Kingdom
16932,Becker Henson,United Kingdom
18042,Arline Sharpe,United Kingdom
18118,Manning Carroll,United Kingdom
16621,Lisa Carter,United Kingdom
12530,Ina Todd,Germany
15882,Sue Allen,United Kingdom
16571,Greta Cantrell,United Kingdom
13027,Glenna Mccarthy,United Kingdom
13094,Garza Barnett,United Kingdom
14741,Short Woodward,United Kingdom
17820,Wilma Shaffer,United Kingdom
12370,Marsha Mclean,Cyprus
17119,Paulette Burgess,United Kingdom
15806,Salazar Wiley,United Kingdom
13034,Donovan Rivers,United Kingdom
15852,Odonnell Rosales,United Kingdom
14732,Wall Clayton,United Kingdom
16261,Nona Rodriquez,United Kingdom
13782,Ronda Santana,United Kingdom
14307,Ratliff Woodward,United Kingdom
17625,Gaines Key,United Kingdom
15923,Kirk Rocha,United Kingdom
15332,Tommie Cortez,Lithuania
14132,Burnett Lyons,United Kingdom
12974,Rhonda Todd,United Kingdom
12415,Barron Klein,Australia
14239,Leblanc Rollins,United Kingdom
13113,Marsh Franks,United Kingdom
15142,Berry Yang,United Kingdom
13662,Nita Townsend,United Kingdom
12987,Leonor Alexander,United Kingdom
13032,Vicki Robles,United Kingdom
17757,Wolfe Lang,United Kingdom
16927,Powers Hansen,United Kingdom
14406,Melanie Shepard,United Kingdom
16493,Lucia Osborne,United Kingdom
16260,Beatriz Barber,United Kingdom
15321,Holden Winters,United Kingdom
15738,Craft Hines,United Kingdom
12474,Tracy Cooper,Germany
12646,Katelyn Rowland,USA
17203,Earline Delaney,United Kingdom
14085,Morales Gomez,United Kingdom
17527,Mcfarland Mckay,United Kingdom
13269,Randi Craig,United Kingdom
15039,Noelle Lang,United Kingdom
12437,Reese Taylor,France
17735,Candace Pace,United Kingdom
17703,Jewell Caldwell,United Kingdom
15187,Ball Pope,United Kingdom
12980,Armstrong Bush,United Kingdom
14866,Pearl Carver,United Kingdom
14798,Grace Doyle,United Kingdom
16518,Pennington Kim,United Kingdom
13140,Saunders Drake,United Kingdom
12989,Park Knight,United Kingdom
16523,Charity Dennis,United Kingdom
13918,Macias Lopez,United Kingdom
16072,Hayden Bailey,United Kingdom
18041,Judith Guy,United Kingdom
16774,Mckenzie Hudson,United Kingdom
13953,Hamilton Barrett,United Kingdom
12513,Patsy Trevino,France
13884,Contreras Vasquez,United Kingdom
15611,Webster Cooper,United Kingdom
12427,Patricia Moran,Germany
16555,Nielsen Vincent,United Kingdom
14744,Clara Moreno,United Kingdom
12611,Rene Mosley,Italy
13956,Nelson Maynard,United Kingdom
16170,Jasmine Mcintyre,United Kingdom
15288,Leonard Lancaster,United Kingdom
17081,Cleo Santana,United Kingdom
16843,Carrillo Justice,United Kingdom
15826,Stout Mcfarland,United Kingdom
12626,Castro Gray,Germany
14233,Edwards Beard,United Kingdom
17644,Mary Herring,United Kingdom
17549,Shawn Marquez,United Kingdom
16729,Cathy Roach,United Kingdom
18242,Daniels Aguilar,United Kingdom
14948,Anna Mooney,United Kingdom
13090,Farmer Ortega,United Kingdom
16139,Ronda Velez,United Kingdom
18231,Emerson Yates,United Kingdom
14585,Vinson Mccoy,United Kingdom
15152,Francesca Knox,United Kingdom
12363,Josefina Huffman,Unspecified
12463,Mae Mcclain,Belgium
16250,Knox Osborne,United Kingdom
16995,Perkins Landry,United Kingdom
14638,Dale Armstrong,United Kingdom
15969,Patricia Cobb,United Kingdom
16987,Daisy Good,United Kingdom
14772,Rosario Wright,United Kingdom
14903,Regina Cox,United Kingdom
13189,Payne Oneill,United Kingdom
14565,Morrow Deleon,United Kingdom
17968,Webb Hoover,United Kingdom
16456,Cherie Stephens,United Kingdom
12596,Katherine Holden,Spain
12682,Etta Burris,France
16841,Stone Riddle,United Kingdom
14897,Marion Berry,United Kingdom
16722,Bentley Waller,United Kingdom
16566,Hurst Dominguez,United Kingdom
17111,Oliver Solis,United Kingdom
13422,Marva Blankenship,United Kingdom
12641,Viola Bolton,Sweden
14800,Hale Mckenzie,United Kingdom
15042,Tracy Hammond,United Kingdom
15951,Bentley Nash,United Kingdom
12949,Tania Rivera,United Kingdom
16705,Kristy Norton,United Kingdom
15555,Allison Boyd,United Kingdom
15601,Campos Dejesus,United Kingdom
14731,Maxine Noble,United Kingdom
16339,Mccoy Wagner,United Kingdom
13506,Christine Buckley,United Kingdom
13295,Eloise Suarez,United Kingdom
18018,Morris Becker,United Kingdom
14407,Hatfield Ashley,United Kingdom
17764,Trudy Bean,United Kingdom
16848,Evangeline Tillman,United Kingdom
13684,Eugenia English,United Kingdom
13743,Brady Welch,United Kingdom
17824,Meagan Holman,United Kingdom
15232,Stephenson Levine,United Kingdom
15146,Park Burch,United Kingdom
16168,Weeks Dale,United Kingdom
17472,Bright Bartlett,United Kingdom
14229,Agnes Kline,United Kingdom
17346,Burt Macias,United Kingdom
14298,Richards Barnes,United Kingdom
17760,Rhonda Snyder,United Kingdom
16143,Alyce Le,United Kingdom
15241,Noreen Ayers,United Kingdom
14776,Webb Vaughn,United Kingdom
17398,Adrian Simon,United Kingdom
14505,Hinton Bird,United Kingdom
15117,Casandra William,United Kingdom
15070,Francis Harrell,United Kingdom
14401,Vargas Harrison,United Kingdom
12352,Marcie Colon,Norway
15620,Charmaine Vega,United Kingdom
16145,Leblanc Beard,United Kingdom
16007,Antonia Crawford,United Kingdom
17061,Fields Hartman,United Kingdom
18160,Kendra Patel,United Kingdom
14625,Jewel Silva,United Kingdom
16092,Clara Stevenson,United Kingdom
15897,Graham Trujillo,United Kingdom
16684,Shawna Woodward,United Kingdom
14543,Bond Richardson,United Kingdom
15716,Coleman Case,United Kingdom
14616,Dejesus Dale,United Kingdom
16292,Tonia Terry,United Kingdom
13050,Yates Holcomb,United Kingdom
13470,Deann Castaneda,United Kingdom
16818,Stark Battle,United Kingdom
13700,Sandy Jimenez,United Kingdom
17034,Decker Sherman,United Kingdom
14449,Augusta Shields,United Kingdom
14515,Lynn Gordon,United Kingdom
14745,Abigail Barton,United Kingdom
16592,Hudson Chen,United Kingdom
16488,Duffy Lloyd,United Kingdom
18005,Marina Cain,United Kingdom
12866,Hester Spencer,Belgium
13310,Mcleod Holman,United Kingdom
17350,Pierce Marsh,United Kingdom
16928,Dixie Burt,United Kingdom
13784,Avila Gamble,United Kingdom
16244,Mays Hancock,United Kingdom
14918,Aurora Hunter,United Kingdom
14338,Booker Rivera,United Kingdom
17937,Wiley Mann,United Kingdom
17206,Bianca Hatfield,United Kingdom
17512,Steele Pena,United Kingdom
15355,Mccarty Hoffman,United Kingdom
17652,Lela Mitchell,United Kingdom
16491,Dennis Workman,United Kingdom
13655,Lourdes Garrison,United Kingdom
14828,Verna Shelton,United Kingdom
14404,Susie Gay,United Kingdom
14447,Ella Adams,United Kingdom
18143,Jerry Harmon,United Kingdom
13476,Coleen Simon,United Kingdom
16593,Aida Gonzalez,United Kingdom
18221,Lindsay Kirk,United Kingdom
17148,Tessa Davidson,United Kingdom
16598,Pennington Townsend,United Kingdom
16191,Maura Mendoza,United Kingdom
12863,Inez Blankenship,United Kingdom
14135,Lee Waters,United Kingdom
13590,Tracey Sullivan,United Kingdom
16754,Blair Sparks,United Kingdom
15456,Veronica Hodge,United Kingdom
13308,Kenya Solomon,United Kingdom
16763,Elnora Terrell,United Kingdom
15358,Callie Browning,United Kingdom
16359,Wheeler Gibson,United Kingdom
16745,Effie Carver,United Kingdom
14985,Cecelia Melton,United Kingdom
14467,Maryellen Gregory,United Kingdom
16078,Hurst Booth,United Kingdom
12418,Rosanna Salazar,Switzerland
12494,Mattie Reese,France
14221,Albert Hall,United Kingdom
13737,Crawford Tillman,United Kingdom
17796,Drake Dunlap,United Kingdom
14560,Collins Garrison,United Kingdom
16633,Rice Mckee,United Kingdom
16448,Fischer Estrada,United Kingdom
16734,Mollie Alvarez,United Kingdom
16567,Monroe Wise,United Kingdom
18240,Battle Newman,United Kingdom
14451,Tracie Sargent,United Kingdom
13232,Odom Kennedy,United Kingdom
18252,Lillie Bowman,United Kingdom
14698,Ramos Roman,United Kingdom
14062,Bush Morris,United Kingdom
17481,Corinne Ochoa,United Kingdom
14488,Copeland Vasquez,United Kingdom
16363,Holt Wood,United Kingdom
15125,Marietta Bass,United Kingdom
13273,Irma Cabrera,United Kingdom
15525,Cameron Sanford,United Kingdom
12815,Franklin Middleton,Poland
16123,Quinn Clarke,United Kingdom
13174,Molly Mayer,United Kingdom
15563,Donovan Stephenson,United Kingdom
13753,Vaughan Jefferson,United Kingdom
13971,Fields Mooney,United Kingdom
12423,Candice Norman,Belgium
16455,Alba Alvarez,United Kingdom
17228,Nadine Grant,United Kingdom
17552,Christensen Sykes,United Kingdom
18156,Sanders Baker,United Kingdom
13481,Lacy Marks,United Kingdom
13070,Curtis Fowler,United Kingdom
16692,Roxie Bonner,United Kingdom
14305,Lenore Burch,United Kingdom
14930,Jennifer Nash,Channel Islands
16916,Angel Banks,United Kingdom
16957,Odessa Whitfield,United Kingdom
15922,Caroline Winters,United Kingdom
13728,Woodard Cabrera,United Kingdom
18147,Garner Parks,United Kingdom
17423,Rita Collier,United Kingdom
15734,Jacquelyn Kelley,United Kingdom
14057,Faulkner Johnson,United Kingdom
15091,Barrett Cameron,United Kingdom
16424,Sandy Morse,United Kingdom
17450,Browning Hobbs,United Kingdom
18178,Riley Colon,United Kingdom
12753,Gutierrez Garner,Japan
14841,Freeman Bray,United Kingdom
15472,Corine Wolfe,United Kingdom
13014,Millie Buchanan,United Kingdom
15701,Leanna Rodgers,United Kingdom
15637,Jerry Gibbs,United Kingdom
15027,Monica Herring,United Kingdom
14121,Chang Paul,United Kingdom
14035,Beach Winters,United Kingdom
12728,Mayo Salazar,France
14257,Wolf Frost,United Kingdom
18260,Booth Clements,United Kingdom
17648,Gina Gray,United Kingdom
15636,Richmond Pope,United Kingdom
12541,Lizzie Sims,Spain
18085,Kellie Small,United Kingdom
16393,Nielsen Abbott,United Kingdom
13897,Barker Gould,United Kingdom
14534,Bean Clemons,United Kingdom
17365,Garcia Mathis,United Kingdom
14226,Rosetta Sims,United Kingdom
16744,Kathie Robles,United Kingdom
16370,Gay Weeks,United Kingdom
17973,Bailey Downs,United Kingdom
18232,Marjorie Morton,United Kingdom
12758,Cathleen Doyle,Portugal
18068,Kitty Richardson,United Kingdom
13292,Palmer Hill,United Kingdom
15544,Kara Clayton,United Kingdom
16839,Janna Brooks,United Kingdom
17426,Graciela Mercado,United Kingdom
16249,Dillon Dunn,United Kingdom
16918,Forbes Kramer,United Kingdom
16033,Katie Wyatt,United Kingdom
14245,Pauline Chen,United Kingdom
15201,Bridget Vasquez,United Kingdom
13109,Lawson Brady,United Kingdom
17739,Kenya Raymond,United Kingdom
14387,Katina Reed,United Kingdom
16801,Gordon Chan,United Kingdom
13509,Aline Blackburn,United Kingdom
17160,Fox David,United Kingdom
16701,Keisha Kirby,United Kingdom
15705,Bartlett Mccray,United Kingdom
13047,Wynn Bray,United Kingdom
17841,Tammie Robbins,United Kingdom
13261,Dennis Everett,United Kingdom
14396,Janine Cannon,United Kingdom
13751,Trujillo Mcmahon,United Kingdom
14679,Nina Clarke,United Kingdom
13630,Angelia Clay,United Kingdom
17750,Vaughn Barton,United Kingdom
17550,Monique Flores,United Kingdom
12547,Logan Hewitt,Spain
16115,Kane Ruiz,United Kingdom
17302,Sheena Gould,United Kingdom
14273,Neva Massey,United Kingdom
12584,Graham Schmidt,Italy
14524,Mallory Hanson,United Kingdom
13475,Debra Brock,United Kingdom
17508,Kristina Sparks,Greece
15363,Hazel Alvarado,United Kingdom
13247,Bullock Andrews,United Kingdom
17252,Bonita Thornton,United Kingdom
13327,Campos Perkins,United Kingdom
13890,Roslyn Rivers,United Kingdom
13831,Rhea Miles,United Kingdom
16582,Albert Stokes,United Kingdom
14765,Austin Wong,United Kingdom
17663,Swanson Clay,United Kingdom
15485,Bianca Vincent,United Kingdom
15743,Wanda Goff,United Kingdom
14047,Santos Wiggins,United Kingdom
17830,Sharpe Tyson,United Kingdom
15046,Graves Hanson,United Kingdom
17069,Rosario Hampton,United Kingdom
17504,Dianne Baird,United Kingdom
17043,Burton Alvarado,United Kingdom
13900,Poole Serrano,United Kingdom
16122,Turner Hernandez,United Kingdom
12828,Blackburn Morse,United Kingdom
12556,Parrish Leon,Spain
12433,Morrow Cantrell,Norway
13497,Angie Jenkins,United Kingdom
15894,Edith Raymond,United Kingdom
14657,Alison Goff,United Kingdom
15092,Dona Haynes,United Kingdom
17420,Marta Burton,United Kingdom
15932,Jillian Mercer,United Kingdom
16440,Beatriz Huber,United Kingdom
16869,Erica Gonzalez,United Kingdom
17063,Althea Cochran,United Kingdom
14997,Evangelina Rollins,United Kingdom
16313,Austin Nolan,United Kingdom
18173,Henry Malone,United Kingdom
14232,William Miller,United Kingdom
13110,Elma Swanson,United Kingdom
13065,Graham Morgan,United Kingdom
13709,Levine Madden,United Kingdom
17152,Paige Frazier,United Kingdom
15889,Golden Larson,United Kingdom
15709,Vargas Pace,United Kingdom
17243,Cross Witt,United Kingdom
14880,Twila Morgan,United Kingdom
12683,Avis Kirk,France
15342,Davis Richards,United Kingdom
17092,Margery Valenzuela,United Kingdom
15505,Sheila Mays,United Kingdom
12945,Callahan Woodward,United Kingdom
12722,Valerie Schmidt,France
17548,Tamika Herman,United Kingdom
12712,Cross Scott,Germany
15545,Ruiz Cortez,United Kingdom
14842,Briana Ray,United Kingdom
14434,Paula Keith,United Kingdom
12380,Leann White,Belgium
16904,Minerva Stein,United Kingdom
17325,Jolene Webb,United Kingdom
13488,Gabrielle Sherman,United Kingdom
16563,Ola Bennett,United Kingdom
17951,Althea Ashley,United Kingdom
12839,Bond Hughes,United Kingdom
14566,Benjamin Greene,Channel Islands
13799,Susan Alvarado,United Kingdom
14312,Alfreda Hayes,United Kingdom
15005,Hickman Chang,United Kingdom
17706,Kristin Nguyen,United Kingdom
18202,Bernadine Burton,United Kingdom
14157,Janet Harding,United Kingdom
17042,Paulette Ward,United Kingdom
14796,Nash Waller,United Kingdom
18019,Matthews Newton,United Kingdom
16266,Gutierrez Parker,United Kingdom
14670,Sheree Duke,United Kingdom
13277,Valdez Pate,United Kingdom
13455,Teri Barry,United Kingdom
13118,Katina Mcguire,United Kingdom
14607,Melanie Benjamin,United Kingdom
14442,Harrison Mills,Channel Islands
16713,Glenna Dean,United Kingdom
13588,Skinner Blake,United Kingdom
18188,Elva Gilmore,United Kingdom
16023,Patricia Petty,United Kingdom
16466,Giles Bishop,United Kingdom
16719,Millie Lloyd,United Kingdom
14036,Delia Terrell,United Kingdom
14096,Janna Wolfe,United Kingdom
16353,Best Ray,United Kingdom
13117,Berry Pace,United Kingdom
17758,Roach Oconnor,United Kingdom
14865,Atkins Robinson,United Kingdom
17070,Beck Whitney,United Kingdom
14474,Margie Mcdonald,United Kingdom
15411,Jacquelyn Pittman,United Kingdom
17715,Vera Cherry,United Kingdom
14145,Freeman Haynes,United Kingdom
13988,Velez Grant,United Kingdom
14995,Harvey Waller,United Kingdom
17073,Fitzgerald Potts,United Kingdom
18144,Vanessa Ortiz,United Kingdom
14723,Rosanne Knowles,United Kingdom
15038,Dora Deleon,United Kingdom
12708,Sherman Franklin,Germany
13520,Moreno Neal,Switzerland
14496,Drake Winters,United Kingdom
12901,Wolf Garcia,United Kingdom
15235,Alice Kirby,United Kingdom
15514,Berry Rodgers,United Kingdom
15078,Teresa Perry,United Kingdom
16274,Bertie Poole,United Kingdom
17058,Holden Goodman,United Kingdom
14959,Lesa Green,United Kingdom
16652,Juana Norris,United Kingdom
15867,Moody Nash,United Kingdom
14646,Holder Hubbard,Netherlands
17850,Jewel Wade,
15632,Olga Wooten,United Kingdom
17785,Macdonald Kirby,United Kingdom
16706,Santiago Lewis,United Kingdom
14688,Sellers Rice,United Kingdom
15587,Jan Rollins,United Kingdom
14658,Melissa Walker,United Kingdom
13917,Shawn Gutierrez,United Kingdom
17585,Peters Bright,United Kingdom
15314,Ayers Wilkerson,United Kingdom
16656,Roxie Nieves,United Kingdom
16217,Jolene Herrera,United Kingdom
16838,Mcknight Mccoy,United Kingdom
15805,Stephenson Morgan,United Kingdom
17147,Landry Solis,United Kingdom
14829,Fox Pitts,United Kingdom
12458,Nora Turner,Switzerland
13515,Celina Hebert,United Kingdom
16923,Richardson Hull,United Kingdom
16730,Leigh Peck,United Kingdom
15087,Ward Chaney,United Kingdom
13854,Agnes Pruitt,United Kingdom
13366,Gena Blackwell,United Kingdom
14427,Louisa Franklin,United Kingdom
14813,Underwood Schroeder,United Kingdom
12940,Gillespie Clark,United Kingdom
15443,Evans Myers,United Kingdom
14493,Rachael Kirby,United Kingdom
14483,Fitzgerald Holloway,United Kingdom
17954,Jacobson Steele,United Kingdom
14009,Norma Everett,United Kingdom
12364,Powers Farley,Belgium
16542,Aguirre Solis,United Kingdom
16525,Jessica Salas,United Kingdom
16979,Sadie Church,United Kingdom
15093,Eve Solomon,United Kingdom
12560,Tara Mckay,Germany
14292,Dixon Chan,United Kingdom
17049,Hooper Jarvis,United Kingdom
15335,Terrie Faulkner,United Kingdom
14639,Lynette Parker,United Kingdom
16473,Curtis Mccray,United Kingdom
15733,Tucker Daniels,United Kingdom
15984,Mercer Banks,United Kingdom
12729,Lucas Carrillo,France
15203,Alison Ferrell,United Kingdom
15031,Henry Noel,United Kingdom
13940,Burch Orr,United Kingdom
16133,Ferguson Gregory,United Kingdom
14306,Victoria Underwood,United Kingdom
15227,Johanna Rowland,United Kingdom
15277,Harmon Dunlap,United Kingdom
15426,Small Castaneda,United Kingdom
15006,Willie Vargas,United Kingdom
16326,Dorsey Madden,United Kingdom
16394,Kitty Rodgers,United Kingdom
17682,Sanchez Campbell,United Kingdom
15260,Jocelyn Curry,United Kingdom
13493,Hoover Parsons,Switzerland
17135,Elisa Nolan,United Kingdom
14276,Erica Gallagher,United Kingdom
14759,Bowman Baldwin,United Kingdom
15853,Jeannette Emerson,United Kingdom
13104,Schneider Frederick,United Kingdom
17905,Pitts Peck,United Kingdom
14237,Valerie Avila,United Kingdom
17001,Meredith Holman,United Kingdom
15880,Celeste Boone,United Kingdom
18073,Billie Delacruz,United Kingdom
17643,Robinson Boone,United Kingdom
13704,Lora Parsons,United Kingdom
15836,Brianna Crosby,United Kingdom
14056,Bernice Beasley,United Kingdom
16076,Mcconnell Britt,United Kingdom
14849,Gomez Flores,United Kingdom
14901,Fletcher Hurst,United Kingdom
13760,Scott Gill,United Kingdom
13471,Marcia Welch,United Kingdom
13933,Craig Cooper,United Kingdom
13081,Lewis Mcguire,United Kingdom
15719,Ina Chandler,United Kingdom
17571,Fitzgerald Huff,United Kingdom
15304,Mclean Ellison,United Kingdom
16212,Rogers Burks,United Kingdom
14264,Georgina Herrera,United Kingdom
13093,Richardson Mcconnell,United Kingdom
17262,Bonita Sosa,United Kingdom
16828,Lolita Shaffer,United Kingdom
14265,Sherrie Banks,Unspecified
17855,Zamora Savage,United Kingdom
16187,Leanna Hebert,United Kingdom
15622,Mitzi Ferguson,United Kingdom
16477,Jayne Ellison,United Kingdom
15592,Eddie Fields,United Kingdom
17412,Tammie Duffy,United Kingdom
13722,Lauren Jordan,United Kingdom
16203,Pearlie Walters,United Kingdom
14163,Bernard Coleman,United Kingdom
14593,Acosta Parrish,United Kingdom
15863,Sherri Mathews,United Kingdom
17995,Chrystal Norton,United Kingdom
15111,Manuela Santiago,United Kingdom
15653,Yates Eaton,United Kingdom
16186,Lindsay Pena,United Kingdom
17344,Good Dickson,United Kingdom
15687,Alexis Mcgowan,United Kingdom
13546,Walls Chambers,United Kingdom
12426,Mitzi Reese,Germany
12361,Carlene Gilmore,Belgium
15396,Barber Acevedo,United Kingdom
15100,Fuller Woodard,United Kingdom
14861,Dickerson Leach,United Kingdom
12409,Lee Booker,Switzerland
17025,Dawson Hopkins,United Kingdom
12793,Powers Frazier,Portugal
17059,Jolene Camacho,United Kingdom
16449,Garza Finley,United Kingdom
18257,John Blankenship,United Kingdom
13805,Buckley Hoover,United Kingdom
17374,Mollie Gallegos,United Kingdom
15465,Washington Burt,United Kingdom
13159,Waller Kerr,United Kingdom
14817,Beverly Mendez,United Kingdom
15598,Lisa Bentley,United Kingdom
12528,Aline Holmes,Germany
16770,Frost Page,United Kingdom
15384,Estes Gonzalez,United Kingdom
16546,Sellers Burgess,United Kingdom
12567,Bender Conway,France
15144,Deleon Webb,United Kingdom
17596,Cross York,United Kingdom
17858,Bonita Heath,United Kingdom
14472,Rojas Rowe,United Kingdom
12627,Meyer Hoover,Germany
14045,Liz Sherman,United Kingdom
12684,Patti Sanchez,France
16496,Barker Rodgers,United Kingdom
17700,Mollie Sandoval,United Kingdom
14101,Miriam Cox,United Kingdom
13138,Cleo Cunningham,United Kingdom
14895,Wells Holman,United Kingdom
15150,Jenifer Murray,United Kingdom
17742,Mcpherson Landry,United Kingdom
16997,Dollie Osborne,United Kingdom
13549,Lucinda Kinney,United Kingdom
17836,Magdalena Jacobs,United Kingdom
13931,Maldonado Allison,United Kingdom
17534,Blair Vaughan,United Kingdom
16678,Lela Robinson,United Kingdom
16891,Lenora Patterson,United Kingdom
13011,Roxanne Clark,United Kingdom
16153,Love Koch,United Kingdom
15987,Combs Barker,United Kingdom
17314,Christensen Alvarez,United Kingdom
16462,Crawford Sanford,United Kingdom
13579,Robles Hartman,United Kingdom
15910,Norma Moses,United Kingdom
16536,Tammy Graves,United Kingdom
17469,Watkins Workman,United Kingdom
12720,Frazier Chaney,Germany
14620,Wells Jacobson,United Kingdom
14680,Delacruz Thomas,United Kingdom
16794,Moran Jordan,United Kingdom
13573,Marquez Harrison,United Kingdom
13460,Clark Parker,United Kingdom
17672,Esther Horton,United Kingdom
17511,Rita Beck,United Kingdom
13694,Lydia Owens,United Kingdom
13534,Roth Decker,United Kingdom
17651,Chris Fletcher,United Kingdom
15179,Miller Massey,United Kingdom
16275,Finley Lee,United Kingdom
16483,Nola Soto,United Kingdom
15844,Dixie Preston,United Kingdom
12697,Glenda Osborne,Sweden
13225,Bianca Goodman,United Kingdom
15251,Darcy Booth,United Kingdom
15797,Tina Alford,United Kingdom
18109,Grace Ward,United Kingdom
15708,Amber Holland,United Kingdom
16470,Hodge Mckenzie,United Kingdom
14227,Pacheco Glover,United Kingdom
16497,Woodward Horton,United Kingdom
15434,Maricela Snow,United Kingdom
13319,Rodgers Soto,United Kingdom
16905,Simmons Schmidt,United Kingdom
16208,Mccray Britt,United Kingdom
14629,Clarissa Delaney,United Kingdom
17338,Sharon Joyner,United Kingdom
17738,Cannon Bonner,United Kingdom
15983,Kaufman Hampton,United Kingdom
17171,Kim Patterson,United Kingdom
13267,Ruth Reilly,United Kingdom
15319,Joyce Garrett,United Kingdom
16558,Dillon Norman,United Kingdom
17567,Ashlee Warner,United Kingdom
12915,Consuelo Mccullough,United Kingdom
13018,Jeannie Baxter,United Kingdom
14466,Jodi Petersen,United Kingdom
13769,Vincent Bradshaw,United Kingdom
14051,Luz Dyer,United Kingdom
13245,Hoffman Reed,United Kingdom
12407,Wagner Fox,Belgium
12582,Linda Yates,Finland
15819,Kline Hawkins,United Kingdom
14631,Lamb Savage,United Kingdom
13973,Della Haynes,United Kingdom
14823,Marietta Mcintyre,United Kingdom
14142,Dixie Booker,United Kingdom
15804,Clarissa Palmer,United Kingdom
13767,Pearson Watts,United Kingdom
13171,Jefferson Gallagher,United Kingdom
15194,Mcpherson Stafford,United Kingdom
15351,Shelley Avery,United Kingdom
16945,Briggs Wilkerson,United Kingdom
15051,Herminia Heath,United Kingdom
17838,Ellison Oneal,United Kingdom
12968,Crosby Swanson,United Kingdom
18223,Conner Wiley,United Kingdom
15220,Wilkins Roberts,United Kingdom
17045,Georgette Andrews,United Kingdom
15427,Norman Gibson,United Kingdom
13974,Black Burris,United Kingdom
15205,Bennett Dean,United Kingdom
13871,Delacruz Hopkins,United Kingdom
14001,Whitehead Cannon,United Kingdom
13637,Cervantes Bass,United Kingdom
17083,Rose Goodman,United Kingdom
13659,Atkinson Mckenzie,United Kingdom
13621,Alyson Rivera,United Kingdom
17375,Bridgette Mccoy,United Kingdom
13135,Silvia Dennis,United Kingdom
17634,Montoya Bernard,United Kingdom
16969,Kinney Weiss,United Kingdom
14533,Bass Schneider,United Kingdom
15012,Moon Wright,United Kingdom
15482,Wilkinson Stevens,United Kingdom
12794,Inez Lewis,Portugal
14529,Autumn Dean,United Kingdom
13139,Chavez Tran,United Kingdom
14711,Dale Hahn,United Kingdom
17679,Alma Golden,United Kingdom
16533,Kerry Booker,United Kingdom
15281,Whitney Brennan,United Kingdom
16402,Villarreal Hunt,United Kingdom
12811,Reese Hanson,Portugal
16422,Roxie Park,United Kingdom
17611,Macdonald Hoover,United Kingdom
12999,Mclaughlin Mccullough,United Kingdom
16327,Linda English,United Kingdom
14562,Farrell Sanford,United Kingdom
14570,Lawanda Mcbride,United Kingdom
14071,Frank Ayala,United Kingdom
15643,Marcella Wolf,United Kingdom
15677,Vicky Byers,United Kingdom
16813,Connie Morales,United Kingdom
16670,Arlene Thompson,United Kingdom
13004,Rivas Wolf,United Kingdom
16552,Irma Russo,United Kingdom
15925,Earnestine Maxwell,United Kingdom
15400,Nash Vaughan,United Kingdom
14377,Michelle Blair,United Kingdom
17520,Liz Carroll,United Kingdom
14301,Haynes Valencia,United Kingdom
17097,Winnie Stout,Spain
12428,Victoria Burks,Finland
13885,Forbes Barnes,United Kingdom
15807,Haynes Pickett,United Kingdom
15024,Baker Sanford,United Kingdom
16426,Claudine Pruitt,United Kingdom
13959,Giles Flowers,United Kingdom
15706,Valeria Baxter,United Kingdom
15436,Chelsea Bell,United Kingdom
13747,Bertie Fields,United Kingdom
12456,Terri Rivas,Switzerland
14156,Briggs Cunningham,EIRE
14709,Gladys Jensen,United Kingdom
18190,Harrell Norman,United Kingdom
14147,Peck Moran,United Kingdom
16992,Cote Logan,United Kingdom
17940,Galloway Wise,United Kingdom
15513,Alejandra Castaneda,United Kingdom
17929,Mamie Cote,United Kingdom
13397,Goff Flynn,United Kingdom
14443,Olson Woodward,United Kingdom
16952,Joann Rose,United Kingdom
17920,Mara Wolf,United Kingdom
14083,Kelley Morrison,United Kingdom
15159,Decker Walters,United Kingdom
14764,Lillie Kemp,United Kingdom
16718,Sanford Mcleod,United Kingdom
13705,Barlow Rivers,United Kingdom
18218,Mendez Ayers,United Kingdom
15574,Oneal Vance,United Kingdom
16609,Hutchinson Hall,United Kingdom
12572,Walton Navarro,Germany
17205,Calhoun Kramer,United Kingdom
16131,Concepcion Long,United Kingdom
12910,Morales Obrien,United Kingdom
15605,Gay Trevino,United Kingdom
14078,Chasity Bowman,United Kingdom
12360,Wells Miles,Austria
12757,Cooley Patel,Portugal
14194,Bennett Mcguire,United Kingdom
13223,Tanisha Tanner,United Kingdom
14623,Quinn Knight,United Kingdom
17819,Cortez Castaneda,United Kingdom
13266,Alejandra Trevino,United Kingdom
17802,Alvarez Mcneil,United Kingdom
14554,Barnett Schneider,United Kingdom
15630,Orr Doyle,United Kingdom
16966,Toni Shaw,United Kingdom
13617,Wall Barlow,United Kingdom
17725,Calhoun Hobbs,United Kingdom
12518,Gena Randall,Germany
12937,Park French,United Kingdom
16157,Ida Morrow,United Kingdom
17048,Acevedo Lowe,United Kingdom
17026,Maritza Sosa,United Kingdom
15712,Freida Vance,United Kingdom
14477,Henderson Jarvis,United Kingdom
16826,Shirley Lindsey,United Kingdom
12709,Natasha Blair,Germany
12645,Cline Dean,Germany
13166,Perry Maldonado,United Kingdom
13666,Beatrice Rodgers,United Kingdom
16298,Earlene Yang,United Kingdom
16755,Howell Ware,United Kingdom
17377,Angeline Turner,United Kingdom
16737,Odessa Rosales,United Kingdom
17027,Araceli Hughes,United Kingdom
14210,Rosario Fowler,United Kingdom
12855,Montgomery Navarro,United Kingdom
17125,Solomon Bentley,United Kingdom
13477,Estela Malone,United Kingdom
12526,Mccullough Sandoval,Germany
14175,Burnett Brewer,United Kingdom
12725,Middleton Conley,Italy
14224,Martha Mccullough,United Kingdom
15814,Virginia Hewitt,United Kingdom
17923,Everett Horn,United Kingdom
14031,Alyssa Barr,United Kingdom
13892,Hardy Carlson,United Kingdom
16356,Mary Lott,United Kingdom
14188,Carmella Henderson,United Kingdom
13115,Tammi Rodgers,United Kingdom
16885,Lawson Velazquez,United Kingdom
15604,Audrey Randolph,United Kingdom
12473,Gillespie Conway,Germany
15416,Brandy Sanders,United Kingdom
13489,Gwen Weiss,United Kingdom
14967,Bettye Knapp,United Kingdom
12727,Slater Strong,France
13078,Warren Swanson,United Kingdom
16048,Joanne Hart,United Kingdom
16626,Roach Bullock,United Kingdom
15541,Conway Pearson,United Kingdom
17235,Whitfield Russell,United Kingdom
15740,Shepard Key,United Kingdom
15803,Laurel Pierce,United Kingdom
12421,Henrietta Mckenzie,Spain
14830,Keisha Booth,United Kingdom
18044,Wynn Johnson,United Kingdom
16086,Romero Cross,United Kingdom
16184,Ball Richards,United Kingdom
12909,Boyle Cline,United Kingdom
15996,Barton Knox,United Kingdom
12362,Maria Zimmerman,Belgium
12921,Amber Coleman,United Kingdom
17732,Bessie Wilson,United Kingdom
13748,Anderson Ross,United Kingdom
14329,Rowena Cardenas,United Kingdom
12935,Stacey Ferrell,United Kingdom
13995,Annmarie Oneil,United Kingdom
14364,Lauri Tanner,United Kingdom
16414,Campbell Hardy,United Kingdom
13881,Salas Hansen,United Kingdom
17404,Katina Schwartz,Sweden
16902,Queen Holloway,United Kingdom
17965,Mitchell Hammond,United Kingdom
13761,Levy Santiago,United Kingdom
13519,Harmon Steele,United Kingdom
13875,Dejesus Frazier,United Kingdom
17041,Wiggins Weber,United Kingdom
12967,Sadie Nolan,United Kingdom
14766,Kathrine Pena,United Kingdom
12933,Wooten Albert,United Kingdom
16709,Pate Bush,United Kingdom
13838,Hogan Stuart,United Kingdom
13919,Herman Burton,Denmark
15615,Holly Weber,United Kingdom
18170,Herminia Carpenter,United Kingdom
12679,Suzanne Ochoa,France
17528,Jacqueline Rosario,United Kingdom
16638,Edna Fox,United Kingdom
12454,Matilda Talley,Spain
12955,Casey Wyatt,United Kingdom
13402,Curtis Willis,United Kingdom
16743,Greer Rush,United Kingdom
17007,Berry Brock,United Kingdom
13880,Singleton Baxter,United Kingdom
12738,Ruby Mcintosh,Germany
14397,Tina Christian,United Kingdom
12647,Ebony Taylor,Germany
12565,Wilson West,Saudi Arabia
17677,Kirk Jacobson,United Kingdom
15311,Hicks Golden,United Kingdom
17364,Wolf Mullins,United Kingdom
15286,Todd Mckay,United Kingdom
12477,Corrine Lynn,Germany
14291,Knapp Casey,United Kingdom
15845,Marjorie Wynn,United Kingdom
13594,Higgins Daugherty,United Kingdom
12877,Ester Glass,United Kingdom
14594,Sanford Stout,United Kingdom
14336,Phoebe Graham,United Kingdom
14381,Virgie Hurley,United Kingdom
16728,Rosetta England,United Kingdom
12913,Kristie Boone,United Kingdom
12747,Santos Middleton,United Kingdom
12834,Price Estrada,United Kingdom
16066,Banks Castillo,United Kingdom
15782,Rosalinda Baird,United Kingdom
17656,Annie Brennan,United Kingdom
17166,Cervantes Gill,United Kingdom
17198,Lakisha Clarke,United Kingdom
13145,Fern Mason,United Kingdom
15380,Angel Pollard,United Kingdom
14189,Brittney Dunlap,United Kingdom
17924,Hale Dixon,United Kingdom
16539,Ramos Ward,United Kingdom
14261,Lakisha Rogers,United Kingdom
14799,Lynch Michael,United Kingdom
17975,Jamie Kennedy,United Kingdom
14460,Gill Miranda,United Kingdom
16013,Obrien Russell,United Kingdom
13755,Gayle Hoover,United Kingdom
16099,Emma Pollard,United Kingdom
16098,Kirk Coleman,United Kingdom
16752,Lavonne Romero,United Kingdom
16210,Rush Perry,United Kingdom
14246,Duncan Sloan,United Kingdom
15066,Elisabeth Burton,United Kingdom
15823,Catalina Oneill,United Kingdom
15874,Edwina Duran,United Kingdom
13939,Earnestine Douglas,United Kingdom
13468,Oneal Cunningham,United Kingdom
17934,Paige Hicks,United Kingdom
17850,Jewel Wade,United Kingdom
14289,Graves Bailey,United Kingdom
14015,Isabella England,United Kingdom
17612,Tisha Howe,United Kingdom
16781,Mccarty Weaver,United Kingdom
15249,Dionne Harrell,United Kingdom
13675,Woodward Riggs,United Kingdom
18248,Griffith Lynn,United Kingdom
17790,Patrick Hartman,United Kingdom
14733,Elizabeth Barton,United Kingdom
15313,Phillips Cantrell,United Kingdom
13408,Claire Kelly,United Kingdom
14367,Dalton Sawyer,United Kingdom
14805,Schwartz Clark,United Kingdom
17139,Bentley Tyler,United Kingdom
15291,Lakeisha Clemons,United Kingdom
17220,Maura Holman,United Kingdom
17686,Nell Ingram,United Kingdom
12919,Holloway Meyer,United Kingdom
14667,Rene Chapman,United Kingdom
16407,Shepard Haynes,United Kingdom
17096,Lenora Marquez,United Kingdom
14740,Dodson Bowers,United Kingdom
15728,Dennis Aguilar,United Kingdom
17863,Bird Riddle,United Kingdom
17381,Davenport Harris,United Kingdom
14584,Mccormick Galloway,United Kingdom
16101,Compton Frederick,United Kingdom
16140,Fannie Gutierrez,United Kingdom
13089,Genevieve Delacruz,United Kingdom
15834,Amalia Rich,United Kingdom
17516,Baxter Silva,United Kingdom
17736,Michael Lowe,United Kingdom
15596,Burt Miles,United Kingdom
17449,Alice Barnett,United Kingdom
16919,Wynn Noel,United Kingdom
12680,Hendrix Kelly,France
18225,Stanley Parks,United Kingdom
15862,Esperanza Moore,United Kingdom
15271,Elma Pace,United Kingdom
17884,Stewart Rodriquez,United Kingdom
12787,Luisa Jefferson,Netherlands
13149,Le Cortez,United Kingdom
15543,Esther Holt,United Kingdom
15808,Allison Stevens,United Kingdom
15516,Fannie Marsh,United Kingdom
15606,Barbara Vargas,United Kingdom
15602,Cameron Lindsey,United Kingdom
17181,Alisa Green,United Kingdom
14159,Estella Dale,United Kingdom
15140,Jewell Barton,United Kingdom
16016,Delaney Vang,United Kingdom
16883,Virgie Woods,United Kingdom
15727,Glenda Valenzuela,United Kingdom
16725,Shirley Fulton,United Kingdom
17897,Hart Maddox,United Kingdom
14046,Emilia Yates,United Kingdom
16871,Lottie Huff,United Kingdom
14315,Skinner Zimmerman,United Kingdom
16474,Lorrie Bush,United Kingdom
15215,Melanie Buckner,United Kingdom
14779,Oconnor Weaver,United Kingdom
16634,Kristine Dunn,United Kingdom
15002,Clarice Hester,United Kingdom
17676,Ada Richards,United Kingdom
16218,Ayala Michael,United Kingdom
15469,Stevenson Hartman,United Kingdom
15785,Mccormick Melendez,United Kingdom
17165,Kris Holden,United Kingdom
17562,Pollard Kramer,United Kingdom
13911,Gould Landry,United Kingdom
15990,Hyde Hyde,United Kingdom
13199,Callie Witt,United Kingdom
13268,Harriet George,United Kingdom
13685,Valencia Brock,United Kingdom
16029,Heidi Holman,United Kingdom
17719,Michael Torres,United Kingdom
15683,Christie Strong,United Kingdom
14432,Jenny Estes,United Kingdom
16042,Ortega Hancock,United Kingdom
13720,Henson Bartlett,United Kingdom
14107,Nicholson Chapman,United Kingdom
15658,Cristina Summers,United Kingdom
14934,Erma Oneill,Channel Islands
17961,Goff Koch,United Kingdom
15722,Ina May,United Kingdom
13098,Shelly Huff,United Kingdom
14513,Mercedes Jackson,United Kingdom
14179,Taylor Herring,United Kingdom
17787,Clare Navarro,United Kingdom
12962,Jewell Melton,United Kingdom
16201,Suzette Petty,United Kingdom
15768,Kay Watson,United Kingdom
17894,Margie Jackson,United Kingdom
12431,Pugh Day,Australia
17747,Christi Henderson,United Kingdom
16607,Carolyn Nichols,United Kingdom
12838,Perez Calderon,United Kingdom
13048,Bailey Crane,United Kingdom
14231,Malinda Pitts,United Kingdom
18077,Richardson Collins,United Kingdom
12569,Keri Dunn,Germany
18283,Parks Lee,United Kingdom
13398,Murray Golden,United Kingdom
14113,Allison Harrell,United Kingdom
14484,Griffin Harmon,United Kingdom
13851,Susana Cain,United Kingdom
13771,Yvonne Le,United Kingdom
12841,Mara Brewer,United Kingdom
14422,Shannon Heath,United Kingdom
13557,Murray Hess,United Kingdom
13013,Darla Dunn,United Kingdom
13808,Janna Olsen,United Kingdom
17173,Olivia Vang,United Kingdom
14414,Antonia Rosa,United Kingdom
14976,Terri Moon,United Kingdom
14729,Chrystal Reese,United Kingdom
15916,Mai Harvey,United Kingdom
14704,Charles Casey,United Kingdom
15939,Hodges Potter,United Kingdom
17955,Lauri Padilla,United Kingdom
17976,Dejesus Collins,United Kingdom
17967,Langley Cardenas,United Kingdom
16389,Mildred Bradshaw,United Kingdom
14217,Franklin Burks,United Kingdom
14527,Hope Marshall,United Kingdom
17272,Helena Moody,United Kingdom
16983,Davis Bryant,United Kingdom
15296,Beck Mcmahon,United Kingdom
17734,Eugenia Alford,United Kingdom
14473,Leslie Mcintyre,United Kingdom
12991,Ayala Hyde,United Kingdom
14775,Theresa Bird,United Kingdom
15192,Hodge Sweet,United Kingdom
15732,Wolf Weeks,United Kingdom
17428,Velma Miles,United Kingdom
16333,Joyce Padilla,United Kingdom
14213,Kerr Whitehead,United Kingdom
15048,York Bentley,United Kingdom
15022,Hayden Gardner,United Kingdom
13798,Rosa Bond,United Kingdom
13715,Christian Wells,United Kingdom
12613,Chasity Mcneil,Germany
13999,Wilda Atkins,United Kingdom
12748,Bridgett Burke,United Kingdom
16810,Johnston Boyle,United Kingdom
12500,Yates Carver,Germany
17462,Lynn Raymond,United Kingdom
15641,Maggie Cardenas,United Kingdom
15660,Welch Preston,United Kingdom
17463,Huber Head,United Kingdom
13418,Dana Meyer,United Kingdom
16241,Keisha Vaughn,United Kingdom
17811,Bernice Todd,United Kingdom
13168,Aimee Chandler,United Kingdom
13501,Desiree Adams,Switzerland
17832,Bradshaw Hansen,United Kingdom
15547,Tyler Walter,United Kingdom
14923,Hobbs Villarreal,United Kingdom
14702,Floyd Townsend,United Kingdom
16837,Mccormick Fernandez,United Kingdom
16128,Dianne Clay,United Kingdom
12947,Minnie Talley,United Kingdom
12493,Barber Mann,France
16835,Imogene Henry,United Kingdom
14506,Maynard Taylor,United Kingdom
18272,Calhoun Maynard,United Kingdom
15838,Jerri Willis,United Kingdom
17062,Mcclure Gutierrez,United Kingdom
14504,Taylor Davenport,United Kingdom
13015,Estelle Mendoza,United Kingdom
12553,Alisha Snow,France
16667,Suarez Roth,United Kingdom
13725,Maryellen Poole,United Kingdom
17442,Mable Mcclain,United Kingdom
14514,Chavez Boyd,United Kingdom
17460,Geraldine Preston,United Kingdom
12557,Aileen Obrien,Spain
17211,Golden Shields,United Kingdom
17572,Sallie Watkins,United Kingdom
13314,Holden Petersen,United Kingdom
17068,Bertie Irwin,United Kingdom
16330,Sexton Miles,United Kingdom
18226,Cline Velasquez,United Kingdom
15104,Mandy Carroll,United Kingdom
15729,Lucille Horne,United Kingdom
12594,Bryant Howe,Italy
15122,Snider Thompson,United Kingdom
12601,Michael Franklin,Germany
15480,Henry Mccray,Malta
14911,Katy Greer,EIRE
17521,Jerri Lawson,United Kingdom
13265,Latasha Nunez,United Kingdom
17396,Abigail Wise,United Kingdom
17535,Tina Vega,United Kingdom
13636,Julie Noble,United Kingdom
15068,Cantu Pearson,United Kingdom
14952,Louella Sawyer,United Kingdom
14060,Catherine Peck,United Kingdom
13658,Nell Brock,United Kingdom
12781,Odonnell Downs,Czech Republic
12600,Consuelo Combs,Germany
14589,Bettye Page,United Kingdom
13382,Kelli Graham,United Kingdom
13870,Estela Willis,United Kingdom
16668,Dale Gallegos,United Kingdom
13860,Rhea Norris,United Kingdom
17389,Shana Harris,United Kingdom
16444,Ethel Boyd,United Kingdom
17675,Graciela Ellis,United Kingdom
12583,Selena Carr,France
